id,book,paragraph,author,title1,title0,pts-abbr,cscd-abbr,zh-cn-name1,zh-cn-name0,分类
1,1,2,,,namakkārapāḷi,Nam,nama.,,礼赞,藏外
2,1,159,,,namakkāraṭīkā,NamT,nama.ṭī.,,礼赞复注,藏外
3,2,2,,,mahāpaṇāmapāṭha,Mpp,,,,藏外
4,2,428,,,tigumbacetiya thomanā,Tgc,,,,藏外
5,2,479,,,vāsamālinīkya,Vāsam,,,,藏外
6,3,2,,,lakkhaṇāto,Lakkh,,,,藏外
7,4,2,,,suttavandanā,Sutv,,,,藏外
8,5,2,,,jinālaṅkāra,Jināl,,,,藏外
9,6,2,,,kamalāñjali,Kamal,,,,藏外
10,7,2,,,pajjamadhu,Pjm,,,,藏外
11,8,2,,,buddhaguṇagāthāvalī,Bgg,,,,藏外
12,9,2,,,abhidhānappadīpikāṭīkā,AbhpT,,,名词灯明·复注,藏外
13,10,2,,,subodhālaṅkāro,Subodh,,,,藏外
14,11,2,,,subodhālaṅkāraṭīkā,SubodhT,,,,藏外
15,12,2,,,bālāvatāra,Bālāv,,,启蒙入门,藏外
16,13,2,,,moggallānasuttapāṭho,Mogg,,,,藏外
17,13,1105,,,moggallānabyākaraṇaṃ,Mogg,,,,藏外
18,14,2,,,kaccāyanabyākaraṇaṃ,Kacc,,,,藏外
19,14,715,,,mahākaccāyanasaddāpāṭha,Kacc,,,,藏外
20,15,2,,,saddanītippakaraṇaṃ (padamālā),Sadd,saddanī.pada.,,语法论,藏外
21,16,2,,,saddanītippakaraṇaṃ (dhātumālā),Sadd,saddanī.dhātu.,,语法论,藏外
22,17,2,,,padarūpasiddhi,Rūp,padarū.,,句身成就,藏外
23,18,2,,,moggallāna-pañcikā-ṭīkā,MoggPT,,,,藏外
24,19,2,,,payogasiddhipāḷi,Payog,,,,藏外
25,20,2,,,vuttodayaṃ,Vutt,,,,藏外
26,21,2,,,abhidhānappadīpikā,Abhp,abhidhā.dīp.,,名词灯明,藏外
27,22,2,,,niruttidīpanīpāṭha,Nirutt,,,,藏外
28,23,2,,,paramatthadīpanī,Pmd,,,究竟意灯,藏外
29,24,2,,,anudīpanīpāṭha,Anudīp,,,,藏外
30,25,2,,,paṭṭhānuddesa dīpanīpāṭha,Paṭṭhud,,,,藏外
31,26,2,,,caturārakkhadīpanī,Catur,,,,藏外
32,27,2,,,kavidappaṇanīti,Kavid,,,,藏外
33,28,2,,,nītimañjarī,Nītim,,,,藏外
34,29,2,,,dhammanīti,Dhn,,,,藏外
35,30,2,,,mahārahanīti,Mhn,,,,藏外
36,31,2,,,lokanīti,Ln,,,,藏外
37,32,2,,,suttantanīti,Sutn,,,,藏外
38,32,134,,,vasalasutta,Sutn,,,,藏外
39,33,2,,,sūrassatīnīti,Sūrn,,,,藏外
40,34,2,,,cāṇakyanītipāḷi,Cāṇ,,,,藏外
41,35,2,,,naradakkhadīpanī,Narad,,,,藏外
42,36,2,,,rasavāhinī,Ras,,,,藏外
43,37,2,,,sīmavisodhanī,Sīmav,,,,藏外
44,38,2,,,vessantarāgīti,Vessag,,,,藏外
45,39,3,,,(saṅgayana-puccha vissajjanā) dīghanikāye,SgyDn,,,结集问答 长部,藏外
46,40,3,,,(saṅgayana-puccha vissajjanā) majjhimanikāya,SgyMn,,,结集问答 中部,藏外
47,41,3,,,(saṅgayana-puccha vissajjanā) saṃyuttanikāye,SgySn,,,结集问答 相应部,藏外
48,42,3,,,(saṅgayana-puccha vissajjanā) aṅguttaranikāye,SgyAn,,,结集问答 增支部,藏外
49,43,2,,,(saṅgayana-puccha vissajjanā) vinayapiṭaka,SgyVin,,,结集问答 律藏,藏外
50,44,2,,,(saṅgayana-puccha vissajjanā) abhidhammapiṭaka,SgyAbh,,,结集问答 阿毗达磨,藏外
51,45,2,,,(saṅgayana-puccha vissajjanā) aṭṭhakathā,SgyAṭṭh,,,结集问答 义注,藏外
52,46,1,,,milidaṭīkā,MilT,,,弥兰陀王问经复注,藏外
53,47,1,,,padamañjarī,Padam,,,,藏外
54,48,1,,,padasādhanaṃ,Padas,,,,藏外
55,49,1,,,saddabindu pakaraṇaṃ,Saddb,,,,藏外
56,50,1,,,kaccāyana  dhātu mañjūsā,Dhātum,,,,藏外
57,51,1,,,samantakūṭavaṇṇanā,Samantak,,,,藏外
58,52,1,,,moggallāna vuttivivaraṇapañcikā.,MoggP,,,,藏外
59,53,1,,,thupavaṃsa,Thūp,thupavaṃ.,,塔史,藏外
60,54,1,,,dāṭhāvaṃsa,Dāṭh,dāṭhāvaṃ.,,,藏外
61,55,1,,,dhātupāṭha  vilāsiniyā,Dhātup,,,,藏外
62,56,1,,,dhātuvaṃsa,Dhātuv,dhātuvaṃ.,,舍利史,藏外
63,57,1,,,hatthavanagallavihāra  vaṃso,Hatth,,,手林洞寺史,藏外
64,58,1,,,jinacaritaya,Jinac,,,,藏外
65,59,1,,,jinavaṃsadīpaṃ,Jinav,,,,藏外
66,60,1,,,telakaṭāhagāthā,Tel,,,油壶偈,藏外
67,61,2,,,cūḷaganthavaṃsapāḷi,Cgv,,,,藏外
68,62,2,,,sāsanavaṃsappadīpikā,Sāsp,,,,藏外
69,63,2,,,mahāvaṃsapāḷi,Mhv,mahāvaṃ.,大史·原典,大种姓,藏外
70,64,2,,,visuddhimagga1,Vism1,visuddhi.1.,,清净道论（第一册）,藏外
71,65,2,,,visuddhimagga2,Vism2,visuddhi.2.,,清净道论（第二册）,藏外
72,66,2,,paramatthamañjūsā1,visuddhimagga-mahāṭīkā1,VismT1,visuddhi.mahāṭī.1.,胜义宝函,清静道论·大复注（第一册）,藏外
73,67,2,,paramatthamañjūsā2,visuddhimagga-mahāṭīkā2,VismT2,visuddhi.mahāṭī.2.,胜义宝函,清静道论·大复注（第二册）,藏外
74,68,2,,,visuddhimagga nidānakathā,VismNid,visuddhi.ni.ka.,,清静道论·绪论,藏外
75,69,3,,,paṭṭhānapāḷi2,Paṭṭh2,paṭṭhā.2.,发趣·原典（第二册）,众缘·原典（第二册）,论藏
76,70,3,,,paṭṭhānapāḷi3,Paṭṭh3,paṭṭhā.3.,发趣·原典（第三册）,众缘·原典（第三册）,论藏
77,71,3,,,paṭṭhānapāḷi4,Paṭṭh4,paṭṭhā.4.,发趣·原典（第四册）,众缘·原典（第四册）,论藏
78,72,3,,,paṭṭhānapāḷi5,Paṭṭh5,paṭṭhā.5.,发趣·原典（第五册）,众缘·原典（第五册）,论藏
79,73,3,,,dhammasaṅgaṇīpāḷi,Dhs,dha.sa.,,法集·原典,论藏
80,74,3,,,vibhaṅgapāḷi,Vibh,vibha.,,分别·原典,论藏
81,75,3,,,dhātukathāpāḷi,Dhātuk,dhā.ka.,,界论·原典,论藏
82,76,3,,,puggalapaññattipāḷi,Pugg,pu.pañ.,,人施设·原典,论藏
83,77,3,,,kathāvatthupāḷi,Kv,ka.va.,,论事·原典,论藏
84,78,3,,,yamakapāḷi1,Yam1,yama.1.,,双论·原典（第一册）,论藏
85,79,3,,,yamakapāḷi2,Yam2,yama.2.,,双论·原典（第二册）,论藏
86,80,3,,,yamakapāḷi3,Yam3,yama.3.,,双论·原典（第三册）,论藏
87,81,3,,,paṭṭhānapāḷi1,Paṭṭh1,paṭṭhā.1.,发趣·原典（第一册）,众缘·原典（第一册）,论藏
88,82,3,,,(AN)dasakanipātapāḷi,An,a.ni.10.,,增支部·十集·原典,经藏
89,83,3,,,(AN)ekādasanipātapāḷi,An,a.ni.11.,,增支部·十一集·原典,经藏
90,84,3,,,(AN)ekakanipātapāḷi,An,a.ni.1.,,增支部·一集·原典,经藏
91,85,3,,,(AN)dukanipātapāḷi,An,a.ni.2.,,增支部·二集·原典,经藏
92,86,3,,,(AN)tikanipātapāḷi,An,a.ni.3.,,增支部·三集·原典,经藏
93,87,3,,,(AN)catukkanipātapāḷi,An,a.ni.4.,,增支部·四集·原典,经藏
94,88,3,,,(AN)pañcakanipātapāḷi,An,a.ni.5.,,增支部·五集·原典,经藏
95,89,3,,,(AN)chakkanipātapāḷi,An,a.ni.6.,,增支部·六集·原典,经藏
96,90,3,,,(AN)sattakanipātapāḷi,An,a.ni.7.,,增支部·七集·原典,经藏
97,91,3,,,(AN)aṭṭhakanipātapāḷi,An,a.ni.8.,,增支部·八集·原典,经藏
98,92,3,,,(AN)navakanipātapāḷi,An,a.ni.9.,,增支部·九集·原典,经藏
99,93,3,,,(DN) Sīlakkhandhavaggapāḷi,Dn,dī.ni.1.,,长部·戒蕴品·原典,经藏
100,94,3,,,(DN) Mahāvaggapāḷi,Dn,dī.ni.2.,,长部·大品·原典,经藏
101,95,3,,,(DN) Pāthikavaggapāḷi,Dn,dī.ni.3.,,长部·波梨品·原典,经藏
102,96,4,,Aṭṭhasālinī,dhammasaṅgaṇī-aṭṭhakathā,DhsA,dha.sa.aṭṭha.,,法集·义注,论藏
103,97,4,,Sammohavinodanī,vibhaṅga-aṭṭhakathā,VibhA,vibha.aṭṭha.,,分别·义注,论藏
104,98,4,,,dhātukathā-aṭṭhakathā,DhātukA,dhā.ka.aṭṭha.,,界论·义注,论藏
105,98,173,,,puggalapaññatti-aṭṭhakathā,PuggA,pu.pañ.aṭṭha.,,人施设论·义注,论藏
106,98,474,,,kathāvatthu-aṭṭhakathā,KvA,ka.va.aṭṭha.,,论事·义注,论藏
107,98,1623,,,yamakappakaraṇa-aṭṭhakathā,YamA,yama.aṭṭha.,,双论·义注,论藏
108,98,1880,,,paṭṭhānappakaraṇa-aṭṭhakathā,PaṭṭhA,paṭṭhā.aṭṭha.,,众缘论·义注,论藏
109,99,3,,manorathapūraṇī1,(AN) Ekakanipāta-aṭṭhakathā,AnA,a.ni.aṭṭha.1.,满足希求,增支部·一集·义注,经藏
110,100,3,,manorathapūraṇī2,(AN) Dukanipāta-aṭṭhakathā,AnA,a.ni.aṭṭha.2.,满足希求,增支部·二集·义注,经藏
111,100,325,,manorathapūraṇī3,(AN) Tikanipāta-aṭṭhakathā,AnA,a.ni.aṭṭha.3.,满足希求,增支部·三集·义注,经藏
112,100,997,,manorathapūraṇī4,(AN) Catukkanipāta-aṭṭhakathā,AnA,a.ni.aṭṭha.4.,满足希求,增支部·四集·义注,经藏
113,101,3,,manorathapūraṇī5,(AN) Pañcakanipāta-aṭṭhakathā,AnA,a.ni.aṭṭha.5.,满足希求,增支部·五集·义注,经藏
114,101,503,,manorathapūraṇī6,(AN) Chakkanipāta-aṭṭhakathā,AnA,a.ni.aṭṭha.6.,满足希求,增支部·六集·义注,经藏
115,101,792,,manorathapūraṇī7,(AN) Sattakanipāta-aṭṭhakathā,AnA,a.ni.aṭṭha.7.,满足希求,增支部·七集·义注,经藏
116,102,3,,manorathapūraṇī8,(AN) Aṭṭhakanipāta-aṭṭhakathā,AnA,a.ni.aṭṭha.8.,满足希求,增支部·八集·义注,经藏
117,102,275,,manorathapūraṇī9,(AN) Navakanipāta-aṭṭhakathā,AnA,a.ni.aṭṭha.9.,满足希求,增支部·九集·义注,经藏
118,102,409,,manorathapūraṇī10,(AN) Dasakanipāta-aṭṭhakathā,AnA,a.ni.aṭṭha.10.,满足希求,增支部·十集·义注,经藏
119,102,706,,manorathapūraṇī11,(AN) Ekādasakanipāta-aṭṭhakathā,AnA,a.ni.aṭṭha.11.,满足希求,增支部·十一集·义注,经藏
120,103,3,,sumaṅgalavilāsinī1,(DN) Sīlakkhandhavaggaṭṭhakathā,DnA,dī.ni.aṭṭha.1.,妙祥光耀（第一册）,长部·戒蕴品·义注,经藏
121,104,3,,sumaṅgalavilāsinī2,(DN) Mahāvagga-aṭṭhakathā,DnA,dī.ni.aṭṭha.2.,妙祥光耀（第二册）,长部·大品·义注,经藏
122,105,3,,sumaṅgalavilāsinī3,(DN) Pāthikavagga-aṭṭhakathā,DnA,dī.ni.aṭṭha.3.,妙祥光耀（第三册）,长部·波梨品·义注,经藏
123,106,3,,Paramattha-dīpanī,Therīgāthā-aṭṭhakathā,ThīA,therī.aṭṭha.,胜义点拨,长老尼偈·义注,经藏
124,107,3,,,Apadāna-aṭṭhakathā,ApA,apa.aṭṭha.,,传记·义注,经藏
125,108,3,,Madhuratthappakāsinī,Buddhavaṃsa-aṭṭhakathā,BvA,bu.vaṃ.aṭṭha.,,佛宗史·义注,经藏
126,109,3,,Paramattha-dīpanī,Cariyāpiṭaka-aṭṭhakathā,CpA,cariyā.aṭṭha.,胜义点拨,所行藏·义注,经藏
127,110,4,,,Jātaka-aṭṭhakathā(Paṭhamo bhāgo),JaA,jā.aṭṭha.1.,,本生·义注（第一册）,经藏
128,111,3,,,Jātaka-aṭṭhakathā(Dutiyo bhāgo),JaA,jā.aṭṭha.2.,,本生·义注（第二册）,经藏
129,112,4,,,Jātaka-aṭṭhakathā(Tatiyo bhāgo),JaA,jā.aṭṭha.3.,,本生·义注（第三册）,经藏
130,113,4,,,Jātaka-aṭṭhakathā(Catuttho bhāgo),JaA,jā.aṭṭha.4.,,本生·义注（第四册）,经藏
131,113,5312,,,Jātaka-aṭṭhakathā(Pañcamo bhāgo 16),JaA,jā.aṭṭha.5.,,本生·义注（第五册）,经藏
132,114,1,,,Jātaka-aṭṭhakathā(Pañcamo bhāgo 17-21),JaA,jā.aṭṭha.5.,,本生·义注（第五册）,经藏
133,115,3,,,Jātaka-aṭṭhakathā(Chaṭṭho bhāgo),JaA,jā.aṭṭha.6.,,本生·义注（第六册）,经藏
134,116,3,,Paramatthajotikā,Khuddakapāṭha-aṭṭhakathā,KhpA,khudda.aṭṭha.,,小诵·义注,经藏
135,117,3,,,Jātaka-aṭṭhakathā(Sattamo bhāgo),JaA,jā.aṭṭha.7.,,本生·义注（第七册）,经藏
136,118,3,,Saddhammappajjotikā,Mahāniddesa-aṭṭhakathā,MndA,mahāni.aṭṭha.,,大意释·义注,经藏
137,119,3,,Saddhammappajjotikā,Cūḷaniddesa-aṭṭhakathā,CndA,cūḷani.aṭṭha.,,小意释·义注,经藏
138,120,3,,Saddhammapakāsinī,Paṭisambhidāmagga-aṭṭhakathā,PaṭisA,paṭi.ma.aṭṭha.,,无碍解道·义注,经藏
139,121,3,,,Nettippakaraṇa-aṭṭhakathā,NettA,netti.aṭṭha.,,导论·义注,经藏
140,122,3,,,Dhammapada-aṭṭhakathā,DhpA,dha.pa.aṭṭha.,,法句·义注,经藏
141,123,3,,Paramattha-dīpanī,Udāna-aṭṭhakathā,UdA,udā.aṭṭha,胜义点拨,感慨·义注,经藏
142,124,3,,Paramattha-dīpanī,Itivuttaka-aṭṭhakathā,ItA,itivu.aṭṭha,胜义点拨,如是语·义注,经藏
143,125,3,,Paramatthajotikā,Suttanipāta-aṭṭhakathā,SnpA,,经集·义注,经集·义注,经藏
144,126,3,,Paramattha-dīpanī,Vimānavatthu-aṭṭhakathā,VvA,,胜义点拨,天宫事·义注,经藏
145,127,3,,Paramattha-dīpanī,Petavatthu-aṭṭhakathā,PvA,,胜义点拨,亡者事·义注,经藏
146,128,3,,Paramattha-dīpanī,Theragāthā-aṭṭhakathā(Paṭhamo bhāgo),ThA,theragā.aṭṭha.1,胜义点拨,长老偈·义注（第一册）,经藏
147,129,3,,Paramattha-dīpanī,Theragāthā-aṭṭhakathā(Dutiyo bhāgo),ThA,theragā.aṭṭha.2,胜义点拨,长老偈·义注（第二册）,经藏
148,130,3,,papañcasūdanī1,(MN) Mūlapaṇṇāsa-aṭṭhakathā,MnA,ma.ni.aṭṭha.1.,破斥犹疑,中部·根本五十·义注,经藏
149,131,3,,papañcasūdanī2,(MN) Majjhimapaṇṇāsa-aṭṭhakathā,MnA,ma.ni.aṭṭha.2.,破斥犹疑,中部·中间五十·义注,经藏
150,132,3,,papañcasūdanī3,(MN) Uparipaṇṇāsa-aṭṭhakathā,MnA,ma.ni.aṭṭha.3.,破斥犹疑,中部·顶端五十·义注,经藏
151,133,3,,sāratthappakāsinī1,(SN) Sagāthāvagga-aṭṭhakathā,SnA,saṃ.ni.aṭṭha.1.,阐明心义,相应部·有偈品·义注,经藏
152,134,3,,sāratthappakāsinī2,(SN) Nidānavagga-aṭṭhakathā,SnA,saṃ.ni.aṭṭha.2.,阐明心义,相应部·因缘品·义注,经藏
153,135,3,,sāratthappakāsinī3,(SN) Khandhavagga-aṭṭhakathā,SnA,saṃ.ni.aṭṭha.3.,阐明心义,相应部·蕴品·义注,经藏
154,136,3,,sāratthappakāsinī4,(SN) Saḷāyatanavagga-aṭṭhakathā,SnA,saṃ.ni.aṭṭha.4.,阐明心义,相应部·六处品·义注,经藏
155,137,3,,sāratthappakāsinī5,(SN) Mahāvagga-aṭṭhakathā,SnA,saṃ.ni.aṭṭha.5.,阐明心义,相应部·大品·义注,经藏
156,138,3,,samantapāsādikā1,(VN) Pārājikakaṇḍa-aṭṭhakathā,VinA,pārā.aṭṭha.,普端严,律·波罗夷·义注,律藏
157,139,3,,samantapāsādikā2,(VN) Pācittiya-aṭṭhakathā,VinA,pāci.aṭṭha.,普端严,律·波逸提·义注,律藏
280,139,925,,samantapāsādikā2,(VN) Bhikkhunīvibhaṅgavaṇṇanā,VinA,pāci.aṭṭha.,普端严,律·波逸提·义注,律藏
158,140,3,,samantapāsādikā3,(VN) Mahāvagga-aṭṭhakathā,VinA,mahāva.aṭṭha.,普端严,律·大品·义注,律藏
159,141,3,,samantapāsādikā4,(VN) Cūḷavagga-aṭṭhakathā,VinA,cūḷava.aṭṭha.,普端严,律藏·小品·义注,律藏
160,142,3,,samantapāsādikā5,(VN) Parivāra-aṭṭhakathā,VinA,pari.aṭṭha.,普端严,律藏·附随·义注,律藏
161,143,3,,,Therāpadānapāḷi(Paṭhamo bhāgo),Ap,,,长老传记（第一册）,经藏
162,144,3,,,Therāpadānapāḷi(Dutiyo bhāgo),Ap,,,长老传记（第二册）,经藏
163,144,6534,,,Therīapadānapāḷi,Ap,,,长老尼传记,经藏
164,145,3,,,Buddhavaṃsapāḷi,Bv,,,佛宗史·原典,经藏
165,146,3,,,Cariyāpiṭakapāḷi,Cp,,,所行藏·原典,经藏
166,147,3,,,Jātakapāḷi(Dutiyo bhāgo),Ja,jā.2.,,本生经·原典,经藏
167,148,3,,,Jātakapāḷi(Paṭhamo bhāgo),Ja,jā.1.,,本生经·原典,经藏
168,149,3,,,Mahāniddesapāḷi,Mnd,mahāni.,,义释·原典,经藏
169,150,3,,,Cūḷaniddesapāḷi,Cnd,cūḷani.,,义释·原典,经藏
170,151,3,,,Paṭisambhidāmaggapāḷi,Paṭis,paṭi.ma.,,无碍解道·原典,经藏
171,152,3,,,Milindapañhapāḷi,Mil,,,弥兰王问·原典,经藏
172,153,3,,,Nettippakaraṇapāḷi,Nett,netti.,,导论·原典,经藏
173,154,3,,,Khuddakapāṭhapāḷi,Khp,,,小诵·原典,经藏
174,155,3,,,Peṭakopadesapāḷi,Peṭ,,,藏释·原典,经藏
175,156,3,,,Dhammapadapāḷi,Dhp,dha.pa.,,法句·原典,经藏
176,157,3,,,Udānapāḷi,Ud,,,感慨·原典,经藏
177,158,3,,,Itivuttakapāḷi,It,itivu.aṭṭha,,如是语·原典,经藏
178,159,3,,,Suttanipātapāḷi,Snp,,,经集·原典,经藏
179,160,3,,,Vimānavatthupāḷi,Vv,,,天宫事·原典,经藏
180,161,3,,,Petavatthupāḷi,Pv,,,亡者事·原典,经藏
181,162,3,,,Theragāthāpāḷi,Th,theragā.,,长老偈·原典,经藏
182,163,3,,,Therīgāthāpāḷi,Thī,therīgā.,,长老尼偈·原典,经藏
183,164,3,,majjhimanikāyapāḷi1,(MN) Mūlapaṇṇāsapāḷi,Mn,ma.ni.1.,,中部·根本五十·原典,经藏
184,165,3,,majjhimanikāyapāḷi2,(MN) Majjhimapaṇṇāsapāḷi,Mn,ma.ni.2.,,中部·中间五十·原典,经藏
185,166,3,,majjhimanikāyapāḷi3,(MN) Uparipaṇṇāsapāḷi,Mn,ma.ni.3.,,中部·顶端五十·原典,经藏
186,167,3,,saṃyuttanikāyapāḷi1,(SN) Sagāthāvaggapāḷi,Sn,saṃ.ni.1.,,相应部·有偈品·原典,经藏
187,168,3,,saṃyuttanikāyapāḷi2,(SN) Nidānavaggapāḷi,Sn,saṃ.ni.2.,,相应部·因缘品·原典,经藏
188,169,3,,saṃyuttanikāyapāḷi3,(SN) Khandhavaggapāḷi,Sn,saṃ.ni.3.,,相应部·蕴品·原典,经藏
189,170,3,,saṃyuttanikāyapāḷi4,(SN) Saḷāyatanavaggapāḷi,Sn,saṃ.ni.4.,,相应部·六处品·原典,经藏
190,171,3,,saṃyuttanikāyapāḷi5,(SN) Mahāvaggapāḷi,Sn,saṃ.ni.5.,,相应部·大品·原典,经藏
191,172,3,,,Dhammasaṅgaṇī-mūlaṭīkā,DhsT,dha.sa.mūlaṭī.,,法集·根本复注,论藏
192,173,3,,,Vibhaṅga-mūlaṭīkā,VibhT,vibha.mūlaṭī.,,分别·根本复注,论藏
193,173,1155,,,Vibhaṅga-anuṭīkā,VibhAnuT,vibha.anuṭī.,,分别·再复注,论藏
194,174,4,,,Dhātukathāpakaraṇa-mūlaṭīkā,DhātukT,dhā.ka.mūlaṭī.,,界论·根本复注,论藏
195,174,100,,,Puggalapaññattipakaraṇa-mūlaṭīkā,PuggT,pu.pañ.mūlaṭī.,,人施设论·根本复注,论藏
196,174,201,,,Kathāvatthupakaraṇa-mūlaṭīkā,KvT,ka.va.mūlaṭī.,,论事·根本复注,论藏
197,174,865,,,Yamakapakaraṇa-mūlaṭīkā,YamT,yama.mūlaṭī.,,双论·根本复注,论藏
198,174,1059,,,Paṭṭhānapakaraṇa-mūlaṭīkā,PaṭṭhT,paṭṭhā.mūlaṭī.,,众缘论·根本复注,论藏
199,175,3,,,Dhammasaṅgaṇī-anuṭīkā,DhsAnuT,dha.sa.anuṭī.,,法集·再复注,论藏
200,176,4,,,Dhātukathāpakaraṇa-anuṭīkā,DhātukAnuT,dhā.ka.anuṭī,,界论·再复注,论藏
201,176,117,,,Puggalapaññattipakaraṇa-anuṭīkā,PuggAnuT,pu.pañ.anuṭī,,人施设论·再复注,论藏
202,176,213,,,Kathāvatthupakaraṇa-anuṭīkā,KvAnuT,ka.va.anuṭī,,论事·再复注,论藏
203,176,917,,,Yamakapakaraṇa-anuṭīkā,YamAnuT,yama.anuṭī,,双论·再复注,论藏
204,176,1139,,,Paṭṭhānapakaraṇa-anuṭīkā,PaṭṭhAnuT,paṭṭhā.anuṭī,,众缘论·再复注,论藏
205,177,2,,,abhidhammāvatāro,Abhāv,,,阿毗达摩入门,论藏
206,177,4805,,,nāmarūpaparicchedo,Nāmarp,,,名色限定,论藏
207,177,10627,,,paramatthavinicchayo,Paramv,,,胜义判别,论藏
208,177,14272,,,saccasaṅkhepo,Sacc,,,,论藏
209,178,2,,,abhidhammatthasaṅgaho,Abhs,,,阿毗达摩概要,论藏
210,178,875,,,abhidhammatthavibhāvinīṭīkā,AbhsT,,,显明阿毗达摩义疏,论藏
211,179,2,,,abhidhammāvatāra-purāṇaṭīkā,AbhāvPT,,,阿毗达摩入门·古复注,论藏
212,179,872,,,abhidhammāvatāra-abhinavaṭīkā,AbhāvAbhT,,,阿毗达摩入门·新复注,论藏
213,180,2,,,abhidhammamātikāpāḷi,AbhMāt,abhi.mātikā.,,阿毗达摩本母·原典,论藏
214,180,1221,,mohavicchedanī,abhidhammamātikā-aṭṭhakathā,Moh,abhi.mātikā.aṭṭha.,,阿毗达摩本母·义注,论藏
215,181,3,,,(AN) Ekakanipāta-ṭīkā,AnT,a.ni.ṭī.1.,,增支部·一集·复注,经藏
216,182,3,,,(AN) Dukanipāta-ṭīkā,AnT,a.ni.ṭī.2.,,增支部·二集·复注,经藏
217,182,324,,,(AN) Tikanipāta-ṭīkā,AnT,a.ni.ṭī.3.,,增支部·三集·复注,经藏
218,182,1023,,,(AN) Catukkanipāta-ṭīkā,AnT,a.ni.ṭī.4.,,增支部·四集·复注,经藏
219,183,3,,,(AN) Pañcakanipāta-ṭīkā,AnT,a.ni.ṭī.5.,,增支部·五集·复注,经藏
220,183,470,,,(AN) Chakkanipāta-ṭīkā,AnT,a.ni.ṭī.6.,,增支部·六集·复注,经藏
221,183,793,,,(AN) Sattakanipāta-ṭīkā,AnT,a.ni.ṭī.7.,,增支部·七集·复注,经藏
222,184,3,,,(AN) Aṭṭhakanipāta-ṭīkā,AnT,a.ni.ṭī.8.,,增支部·八集·复注,经藏
223,184,278,,,(AN) Navakanipāta-ṭīkā,AnT,a.ni.ṭī.9.,,增支部·九集·复注,经藏
224,184,466,,,(AN) Dasakanipāta-ṭīkā,AnT,a.ni.ṭī.10.,,增支部·十集·复注,经藏
225,184,776,,,(AN) Ekādasakanipāta-ṭīkā,AnT,a.ni.ṭī.11.,,增支部·十一集·复注,经藏
226,185,3,,līnatthappakāsanā,(DN) Sīlakkhandhavagga-ṭīkā,DnT,dī.ni.ṭī.1.,,长部·戒蕴品·复注,经藏
227,186,3,,līnatthappakāsanā,(DN) Mahāvagga-ṭīkā,DnT,dī.ni.ṭī.2.,,长部·大品·复注,经藏
228,187,3,,līnatthappakāsanā,(DN) Pāthikavagga-ṭīkā,DnT,dī.ni.ṭī.3.,,长部·波梨品·复注,经藏
229,188,3,,sādhuvilāsinī,(DN) Sīlakkhandhavagga-abhinavaṭīkā(Paṭhamo bhāgo),DnAbhT,dī.ni.navaṭī.1-1.,,长部·戒蕴品·新复注,经藏
230,189,3,,sādhuvilāsinī,(DN) Sīlakkhandhavagga-abhinavaṭīkā(Dutiyo bhāgo),DnAbhT,dī.ni.navaṭī.1-2.,,长部·戒蕴品·新复注,经藏
231,190,3,,,nettippakaraṇa-ṭīkā,NettT,,,导论·复注,经藏
232,191,3,,,nettivibhāvinī,NettVibh,,,导论·显明疏,经藏
233,192,3,,līnatthappakāsanā,(MN) Mūlapaṇṇāsa-ṭīkā,MnT,ma.ni.ṭī.1.,,中部·原典五十·复注,经藏
234,193,3,,līnatthappakāsanā,(MN) Majjhimapaṇṇāsa-ṭīkā,MnT,ma.ni.ṭī.2.,,中部·中五十·复注,经藏
235,194,3,,līnatthappakāsanā,(MN) Uparipaṇṇāsa-ṭīkā,MnT,ma.ni.ṭī.3.,,中部·后五十·复注,经藏
236,195,3,,līnatthappakāsanā,(SN) Sagāthāvagga-ṭīkā,SnT,saṃ.ni.ṭī.1.,,相应部·有偈品·复注,经藏
237,196,3,,līnatthappakāsanā,(SN) Nidānavagga-ṭīkā,SnT,saṃ.ni.ṭī.2.,,相应部·因缘品·复注,经藏
238,197,3,,līnatthappakāsanā,(SN) Khandhavagga-ṭīkā,SnT,saṃ.ni.ṭī.3.,,相应部·蕴品·复注,经藏
239,198,3,,līnatthappakāsanā,(SN) Saḷāyatanavagga-ṭīkā,SnT,saṃ.ni.ṭī.4.,,相应部·六处品·复注,经藏
240,199,3,,līnatthappakāsanā,(SN) Mahāvagga-ṭīkā,SnT,saṃ.ni.ṭī.5.,,相应部·大品·复注,经藏
241,200,2,,,vinayavinicchayo,VinVn,vi.vi.,,律裁定,律藏
242,200,10176,,,uttaravinicchayo,UttVn,utta.vi.,,上裁定,律藏
243,201,2,,,vinayavinicchaya-ṭīkā,VinVnT,vi.vi.ṭī.,,律裁定·复注,律藏
244,201,4270,,,uttaravinicchaya-ṭīkā,UttVnT,utta.vi.ṭī.,,上裁定·复注,律藏
245,202,3,,,pācityādiyojanā,PācYoj,,,波逸提等解说,律藏
246,203,3,,,khuddasikkhā,Khuddas,khu.si.,小学,精华训练,律藏
247,203,1620,,,Khuddasikkhā-purāṇaṭīkā,KhuddasPT,khu.si.purāṭī.,小学·古复注,精华训练·古复注,律藏
248,203,2361,,,Khuddasikkhā-abhinavaṭīkā,KhuddasAbhT,khu.si.navaṭī.,小学·新复注,精华训练·新复注,律藏
249,203,3100,,,mūlasikkhā,Mūlas,,根本学,根本训练,律藏
250,203,3481,,,mūlasikkhā,MūlasT,,根本学·复注,根本训练·复注,律藏
251,204,3,,,sāratthadīpanī-ṭīkā,VinT,sārattha.ṭī.1.,心义灯·复注1,心义灯·复注,律藏
252,205,3,,,sāratthadīpanī-ṭīkā,VinT,sārattha.ṭī.2.,心义灯·复注2,律·波罗夷·复注（心义灯）,律藏
253,206,3,,,sāratthadīpanī-ṭīkā,VinT,sārattha.ṭī.3.,心义灯·复注3,律·波逸提·复注（心义灯）,律藏
254,206,717,,,sāratthadīpanī-ṭīkā,VinT,sārattha.ṭī.3.,心义灯·复注3,律·大品·复注（心义灯）,律藏
255,206,1753,,,sāratthadīpanī-ṭīkā,VinT,sārattha.ṭī.3.,心义灯·复注3,律·小品·复注（心义灯）,律藏
256,206,2154,,,sāratthadīpanī-ṭīkā,VinT,sārattha.ṭī.3.,心义灯·复注3,律·附随·复注（心义灯）,律藏
257,207,3,,,pātimokkhapāḷi,Pātim,,,比库巴帝摩卡·原典,律藏
258,207,524,,,pātimokkhapāḷi,Pātim,,,比库尼巴帝摩卡·原典,律藏
259,207,1215,,,kaṅkhāvitaraṇī,Kkh,,疑惑度脱·义注,律本母·义注,律藏
260,208,3,,,vinayasaṅgaha-aṭṭhakathā,VinSgh,vi.saṅga.aṭṭha.,,律集要·义注,律藏
261,209,3,,vajirabuddhi-ṭīkā0,(VN) Vajirabuddhi-ṭīkā0,VjbT,vajira.ṭī.1.,金刚觉·复注,金刚觉·复注,律藏
262,209,166,,vajirabuddhi-ṭīkā1,(VN) vajirabuddhi-ṭīkā1,VjbT,vajira.ṭī.2.,金刚觉·复注,律·波罗夷·复注（金刚觉）,律藏
263,209,992,,vajirabuddhi-ṭīkā2,(VN) vajirabuddhi-ṭīkā2,VjbT,vajira.ṭī.3.,金刚觉·复注,律·波逸提·复注（金刚觉）,律藏
264,209,1708,,vajirabuddhi-ṭīkā3,(VN) vajirabuddhi-ṭīkā3,VjbT,vajira.ṭī.4.,金刚觉·复注,律·大品·复注（金刚觉）,律藏
265,209,2217,,vajirabuddhi-ṭīkā4,(VN) vajirabuddhi-ṭīkā4,VjbT,vajira.ṭī.5.,金刚觉·复注,律·小品·复注（金刚觉）,律藏
266,209,2428,,vajirabuddhi-ṭīkā5,(VN) vajirabuddhi-ṭīkā5,VjbT,vajira.ṭī.,金刚觉·复注,律·附随·复注（金刚觉）,律藏
267,210,3,,,(VN) vimativinodanī-ṭīkā,VmvT,vi.vi.ṭī1,疑惑解除·复注,律·波罗夷·复注（金刚觉）,律藏
268,210,1658,,,(VN) vimativinodanī-ṭīkā,VmvT,vi.vi.ṭī2,疑惑解除·复注,律·波逸提·复注（金刚觉）,律藏
269,210,1779,,,(VN) vimativinodanī-ṭīkā,VmvT,vi.vi.ṭī3,疑惑解除·复注,律·大品·复注（金刚觉）,律藏
270,210,2431,,,(VN) vimativinodanī-ṭīkā,VmvT,vi.vi.ṭī4,疑惑解除·复注,律·小品·复注（金刚觉）,律藏
271,210,2792,,,(VN) vimativinodanī-ṭīkā,VmvT,vi.vi.ṭī5,疑惑解除·复注,律·附随·复注（金刚觉）,律藏
272,211,3,,,vinayālaṅkāra-ṭīkā,Vinālk,,,律庄严·复注,律藏
273,212,2,,,Kaṅkhāvitaraṇī-purāṇaṭīkā,KkhPT,kaṅkhā.purāṭī.,,疑惑度脱·旧复注,律藏
274,212,671,,,Kaṅkhāvitaraṇī-abhinavaṭīkā,KkhAbhT,kaṅkhā.navaṭī.,,疑惑度脱·新复注,律藏
275,213,3,,,(VN) Pārājikapāḷi,Vin,pārā.,,律·波罗夷·原典,律藏
276,214,3,,,(VN) Pācittiyapāḷi,Vin,pāci.,,律·波逸提·原典,律藏
281,214,2162,,,(VN) Bhikkhunīvibhaṅgo,Vin,pāci.,,律·波逸提·原典,律藏
277,215,3,,,(VN) Mahāvaggapāḷi,Vin,mahāva.,,律·大品·原典,律藏
278,216,3,,,(VN) Cūḷavaggapāḷi,Vin,cūḷava.,,律·小品·原典,律藏
279,217,3,,,(VN) Parivārapāḷi,Vin,pari.,,律·附随·原典,律藏
